,Trig,Date yy/mm/dd,Time UT,BAT RA,BAT Dec,BAT Error,XRT RA,XRT Dec,XRT Error,UVOT RA,UVOT Dec,BLC,XLC,XS1,XS1p,XS2,XS2p,XIM,XIMp,USL,USLp,UIM,UIMp,ra,dec
0,1091101,2021-12-27,23:32:07,132.126,-2.702,3.0,132.1489,-2.7355,3.8,,,FITS JPEG GIF PDF PS FITS JPEG GIF PDF PS,FITS JPEG GIF PDF PS,FITS JPEG GIF PDF PS,,FITS JPEG GIF PDF PS,,FITS JPEG GIF PDF PS,FITS JPEG GIF PDF PS,FITS1 JPEG1 GIF1 PDF1 PS1 FITS2 JPEG2 GIF2 PDF2 PS2 FITS3 JPEG3 GIF3 PDF3 PS3,SKY1 SOURCES1 CATALOG1 FIELD_PS1 FIELD_JPEG1 FIELD_GIF1 FIELD_PDF1 SKY2 SOURCES2 CATALOG2 FIELD_PS2 FIELD_JPEG2 FIELD_GIF2 FIELD_PDF2 SKY3 SOURCES3 CATALOG3 FIELD_PS3 FIELD_JPEG3 FIELD_GIF3 FIELD_PDF3,FITS1 JPEG1 GIF1 PDF1 PS1 FITS2 JPEG2 GIF2 PDF2 PS2 FITS3 JPEG3 GIF3 PDF3 PS3,SKY1 SOURCES1 FIELD_PS1 FIELD_JPEG1 FIELD_GIF1 FIELD_PDF1 SKY2 SOURCES2 FIELD_PS2 FIELD_JPEG2 FIELD_GIF2 FIELD_PDF2 SKY3 SOURCES3 FIELD_PS3 FIELD_JPEG3 FIELD_GIF3 FIELD_PDF3,132.126,-2.702
1,1090853,2021-12-25,13:12:19,258.568,17.262,3.0,,,,,,FITS JPEG GIF PDF PS FITS JPEG GIF PDF PS,,,,,,,,,,,,258.568,17.262
2,1090656,2021-12-23,14:29:27,227.164,-26.873,3.0,,,,,,FITS JPEG GIF PDF PS FITS JPEG GIF PDF PS,,,,,,,,,,,,227.164,-26.873
3,1090472,2021-12-21,20:48:41,78.938,0.94,3.0,78.8983,0.9144,3.5,,,FITS JPEG GIF PDF PS FITS JPEG GIF PDF PS,FITS JPEG GIF PDF PS,FITS JPEG GIF PDF PS,,FITS JPEG GIF PDF PS,,FITS JPEG GIF PDF PS,FITS JPEG GIF PDF PS,FITS1 JPEG1 GIF1 PDF1 PS1 FITS2 JPEG2 GIF2 PDF2 PS2 FITS3 JPEG3 GIF3 PDF3 PS3,SKY1 SOURCES1 CATALOG1 FIELD_PS1 FIELD_JPEG1 FIELD_GIF1 FIELD_PDF1 SKY2 SOURCES2 CATALOG2 FIELD_PS2 FIELD_JPEG2 FIELD_GIF2 FIELD_PDF2 SKY3 SOURCES3 CATALOG3 FIELD_PS3 FIELD_JPEG3 FIELD_GIF3 FIELD_PDF3,FITS1 JPEG1 GIF1 PDF1 PS1 FITS2 JPEG2 GIF2 PDF2 PS2 FITS3 JPEG3 GIF3 PDF3 PS3,SKY1 SOURCES1 FIELD_PS1 FIELD_JPEG1 FIELD_GIF1 FIELD_PDF1 SKY2 SOURCES2 FIELD_PS2 FIELD_JPEG2 FIELD_GIF2 FIELD_PDF2 SKY3 SOURCES3 FIELD_PS3 FIELD_JPEG3 FIELD_GIF3 FIELD_PDF3,78.938,0.94
4,1088940,2021-12-11,13:10:00,212.272,27.884,3.0,212.2912,27.8899,5.0,,,FITS JPEG GIF PDF PS FITS JPEG GIF PDF PS,FITS JPEG GIF PDF PS,FITS JPEG GIF PDF PS,,FITS JPEG GIF PDF PS,,FITS JPEG GIF PDF PS,FITS JPEG GIF PDF PS,FITS1 JPEG1 GIF1 PDF1 PS1,SKY1 SOURCES1 CATALOG1 FIELD_PS1 FIELD_JPEG1 FIELD_GIF1 FIELD_PDF1,,,212.272,27.884
5,1088376,2021-12-07,20:52:57,149.625,-24.352,3.0,149.6245,-24.3598,3.8,149.624,-24.3586,FITS JPEG GIF PDF PS FITS JPEG GIF PDF PS,FITS JPEG GIF PDF PS,FITS JPEG GIF PDF PS,,FITS JPEG GIF PDF PS,,,,FITS1 JPEG1 GIF1 PDF1 PS1 FITS2 JPEG2 GIF2 PDF2 PS2 FITS3 JPEG3 GIF3 PDF3 PS3,SKY1 SOURCES1 CATALOG1 FIELD_PS1 FIELD_JPEG1 FIELD_GIF1 FIELD_PDF1 SKY2 SOURCES2 CATALOG2 FIELD_PS2 FIELD_JPEG2 FIELD_GIF2 FIELD_PDF2 SKY3 SOURCES3 CATALOG3 FIELD_PS3 FIELD_JPEG3 FIELD_GIF3 FIELD_PDF3,FITS1 JPEG1 GIF1 PDF1 PS1 FITS2 JPEG2 GIF2 PDF2 PS2 FITS3 JPEG3 GIF3 PDF3 PS3,SKY1 SOURCES1 FIELD_PS1 FIELD_JPEG1 FIELD_GIF1 FIELD_PDF1 SKY2 SOURCES2 FIELD_PS2 FIELD_JPEG2 FIELD_GIF2 FIELD_PDF2 SKY3 SOURCES3 FIELD_PS3 FIELD_JPEG3 FIELD_GIF3 FIELD_PDF3,149.625,-24.352
6,1086826,2021-12-03,9:02:38,170.174,16.256,3.0,,,,,,FITS JPEG GIF PDF PS FITS JPEG GIF PDF PS,FITS JPEG GIF PDF PS,FITS JPEG GIF PDF PS,,FITS JPEG GIF PDF PS,,,,FITS1 JPEG1 GIF1 PDF1 PS1 FITS2 JPEG2 GIF2 PDF2 PS2,SKY1 SOURCES1 CATALOG1 FIELD_PS1 FIELD_JPEG1 FIELD_GIF1 FIELD_PDF1 SKY2 SOURCES2 FIELD_PS2 FIELD_JPEG2 FIELD_GIF2 FIELD_PDF2,FITS1 JPEG1 GIF1 PDF1 PS1 FITS2 JPEG2 GIF2 PDF2 PS2,SKY1 SOURCES1 FIELD_PS1 FIELD_JPEG1 FIELD_GIF1 FIELD_PDF1 SKY2 SOURCES2 FIELD_PS2 FIELD_JPEG2 FIELD_GIF2 FIELD_PDF2,170.174,16.256
7,1085430,2021-11-29,9:51:06,274.557,31.776,3.0,274.5834,31.7892,5.3,,,FITS JPEG GIF PDF PS FITS JPEG GIF PDF PS,FITS JPEG GIF PDF PS,FITS JPEG GIF PDF PS,,FITS JPEG GIF PDF PS,,FITS JPEG GIF PDF PS,FITS JPEG GIF PDF PS,FITS1 JPEG1 GIF1 PDF1 PS1 FITS2 JPEG2 GIF2 PDF2 PS2,SKY1 SOURCES1 CATALOG1 FIELD_PS1 FIELD_JPEG1 FIELD_GIF1 FIELD_PDF1 SKY2 SOURCES2 CATALOG2 FIELD_PS2 FIELD_JPEG2 FIELD_GIF2 FIELD_PDF2,FITS1 JPEG1 GIF1 PDF1 PS1 FITS2 JPEG2 GIF2 PDF2 PS2,SKY1 SOURCES1 FIELD_PS1 FIELD_JPEG1 FIELD_GIF1 FIELD_PDF1 SKY2 SOURCES2 FIELD_PS2 FIELD_JPEG2 FIELD_GIF2 FIELD_PDF2,274.557,31.776
8,1082569,2021-11-05,10:27:23,271.077,41.399,3.0,,,,,,FITS JPEG GIF PDF PS FITS JPEG GIF PDF PS,FITS JPEG GIF PDF PS,FITS JPEG GIF PDF PS,,FITS JPEG GIF PDF PS,,,,FITS1 JPEG1 GIF1 PDF1 PS1 FITS2 JPEG2 GIF2 PDF2 PS2,SKY1 SOURCES1 CATALOG1 FIELD_PS1 FIELD_JPEG1 FIELD_GIF1 FIELD_PDF1 SKY2 SOURCES2 FIELD_PS2 FIELD_JPEG2 FIELD_GIF2 FIELD_PDF2,FITS1 JPEG1 GIF1 PDF1 PS1 FITS2 JPEG2 GIF2 PDF2 PS2,SKY1 SOURCES1 FIELD_PS1 FIELD_JPEG1 FIELD_GIF1 FIELD_PDF1 SKY2 SOURCES2 FIELD_PS2 FIELD_JPEG2 FIELD_GIF2 FIELD_PDF2,271.077,41.399
9,1081113,2021-10-25,5:10:20,162.377,31.557,3.0,162.381,31.5131,4.8,,,FITS JPEG GIF PDF PS FITS JPEG GIF PDF PS,FITS JPEG GIF PDF PS,FITS JPEG GIF PDF PS,,FITS JPEG GIF PDF PS,,FITS JPEG GIF PDF PS,FITS JPEG GIF PDF PS,FITS1 JPEG1 GIF1 PDF1 PS1 FITS2 JPEG2 GIF2 PDF2 PS2,SKY1 SOURCES1 FIELD_PS1 FIELD_JPEG1 FIELD_GIF1 FIELD_PDF1,FITS1 JPEG1 GIF1 PDF1 PS1 FITS2 JPEG2 GIF2 PDF2 PS2,SKY1 SOURCES1 FIELD_PS1 FIELD_JPEG1 FIELD_GIF1 FIELD_PDF1 SKY2 SOURCES2 FIELD_PS2 FIELD_JPEG2 FIELD_GIF2 FIELD_PDF2,162.377,31.557
10,1081073,2021-10-24,22:20:36,154.688,24.579,3.0,,,,,,FITS JPEG GIF PDF PS FITS JPEG GIF PDF PS,,,,,,,,,,,,154.688,24.579
11,1080859,2021-10-23,21:05:52,170.302,39.137,3.0,,,,170.3096,39.1357,FITS JPEG GIF PDF PS FITS JPEG GIF PDF PS,FITS JPEG GIF PDF PS,FITS JPEG GIF PDF PS,,FITS JPEG GIF PDF PS,,,,FITS1 JPEG1 GIF1 PDF1 PS1 FITS2 JPEG2 GIF2 PDF2 PS2 FITS3 JPEG3 GIF3 PDF3 PS3,SKY1 SOURCES1 CATALOG1 FIELD_PS1 FIELD_JPEG1 FIELD_GIF1 FIELD_PDF1 SKY2 SOURCES2 CATALOG2 FIELD_PS2 FIELD_JPEG2 FIELD_GIF2 FIELD_PDF2 SKY3 SOURCES3 CATALOG3 FIELD_PS3 FIELD_JPEG3 FIELD_GIF3 FIELD_PDF3,FITS1 JPEG1 GIF1 PDF1 PS1 FITS2 JPEG2 GIF2 PDF2 PS2 FITS3 JPEG3 GIF3 PDF3 PS3,SKY1 SOURCES1 FIELD_PS1 FIELD_JPEG1 FIELD_GIF1 FIELD_PDF1 SKY2 SOURCES2 FIELD_PS2 FIELD_JPEG2 FIELD_GIF2 FIELD_PDF2 SKY3 SOURCES3 FIELD_PS3 FIELD_JPEG3 FIELD_GIF3 FIELD_PDF3,170.302,39.137
12,1079966,2021-10-17,23:45:16,244.979,-15.842,3.0,,,,,,FITS JPEG GIF PDF PS FITS JPEG GIF PDF PS,,,,,,,,,,,,244.979,-15.842
13,1078701,2021-10-10,10:42:36,287.08,29.822,3.0,,,,,,FITS JPEG GIF PDF PS FITS JPEG GIF PDF PS,FITS JPEG GIF PDF PS,FITS JPEG GIF PDF PS,,FITS JPEG GIF PDF PS,,,,FITS1 JPEG1 GIF1 PDF1 PS1,SKY1 SOURCES1 CATALOG1 FIELD_PS1 FIELD_JPEG1 FIELD_GIF1 FIELD_PDF1,FITS1 JPEG1 GIF1 PDF1 PS1,SKY1 SOURCES1 FIELD_PS1 FIELD_JPEG1 FIELD_GIF1 FIELD_PDF1,287.08,29.822
14,1076121,2021-10-01,0:43:20,71.47,12.04,3.0,,,,,,FITS JPEG GIF PDF PS FITS JPEG GIF PDF PS,FITS JPEG GIF PDF PS,FITS JPEG GIF PDF PS,,FITS JPEG GIF PDF PS,,,,FITS1 JPEG1 GIF1 PDF1 PS1 FITS2 JPEG2 GIF2 PDF2 PS2 FITS3 JPEG3 GIF3 PDF3 PS3,SKY1 SOURCES1 CATALOG1 FIELD_PS1 FIELD_JPEG1 FIELD_GIF1 FIELD_PDF1 SKY2 SOURCES2 CATALOG2 FIELD_PS2 FIELD_JPEG2 FIELD_GIF2 FIELD_PDF2 SKY3 SOURCES3 CATALOG3 FIELD_PS3 FIELD_JPEG3 FIELD_GIF3 FIELD_PDF3,FITS1 JPEG1 GIF1 PDF1 PS1 FITS2 JPEG2 GIF2 PDF2 PS2 FITS3 JPEG3 GIF3 PDF3 PS3,SKY1 SOURCES1 FIELD_PS1 FIELD_JPEG1 FIELD_GIF1 FIELD_PDF1 SKY2 SOURCES2 FIELD_PS2 FIELD_JPEG2 FIELD_GIF2 FIELD_PDF2 SKY3 SOURCES3 FIELD_PS3 FIELD_JPEG3 FIELD_GIF3 FIELD_PDF3,71.47,12.04
15,1075565,2021-09-30,2:46:52,197.435,48.623,3.0,197.4017,48.6284,3.9,,,FITS JPEG GIF PDF PS FITS JPEG GIF PDF PS,FITS JPEG GIF PDF PS,FITS JPEG GIF PDF PS,,FITS JPEG GIF PDF PS,,,,FITS1 JPEG1 GIF1 PDF1 PS1 FITS2 JPEG2 GIF2 PDF2 PS2 FITS3 JPEG3 GIF3 PDF3 PS3,SKY1 SOURCES1 CATALOG1 FIELD_PS1 FIELD_JPEG1 FIELD_GIF1 FIELD_PDF1 SKY2 SOURCES2 CATALOG2 FIELD_PS2 FIELD_JPEG2 FIELD_GIF2 FIELD_PDF2 SKY3 SOURCES3 CATALOG3 FIELD_PS3 FIELD_JPEG3 FIELD_GIF3 FIELD_PDF3,FITS1 JPEG1 GIF1 PDF1 PS1 FITS2 JPEG2 GIF2 PDF2 PS2 FITS3 JPEG3 GIF3 PDF3 PS3,SKY1 SOURCES1 FIELD_PS1 FIELD_JPEG1 FIELD_GIF1 FIELD_PDF1 SKY2 SOURCES2 FIELD_PS2 FIELD_JPEG2 FIELD_GIF2 FIELD_PDF2 SKY3 SOURCES3 FIELD_PS3 FIELD_JPEG3 FIELD_GIF3 FIELD_PDF3,197.435,48.623
16,1074326,2021-09-21,17:43:16,307.803,37.61,3.0,,,,,,FITS JPEG GIF PDF PS FITS JPEG GIF PDF PS,,,,,,,,,,,,307.803,37.61
17,1073893,2021-09-19,0:28:34,80.23,1.274,3.0,80.2543,1.3108,6.2,,,FITS JPEG GIF PDF PS FITS JPEG GIF PDF PS,FITS JPEG GIF PDF PS,FITS JPEG GIF PDF PS,,FITS JPEG GIF PDF PS,,,,FITS1 JPEG1 GIF1 PDF1 PS1 FITS2 JPEG2 GIF2 PDF2 PS2 FITS3 JPEG3 GIF3 PDF3 PS3,SKY1 SOURCES1 CATALOG1 FIELD_PS1 FIELD_JPEG1 FIELD_GIF1 FIELD_PDF1 SKY2 SOURCES2 CATALOG2 FIELD_PS2 FIELD_JPEG2 FIELD_GIF2 FIELD_PDF2 SKY3 SOURCES3 CATALOG3 FIELD_PS3 FIELD_JPEG3 FIELD_GIF3 FIELD_PDF3,FITS1 JPEG1 GIF1 PDF1 PS1 FITS2 JPEG2 GIF2 PDF2 PS2 FITS3 JPEG3 GIF3 PDF3 PS3,SKY1 SOURCES1 FIELD_PS1 FIELD_JPEG1 FIELD_GIF1 FIELD_PDF1 SKY2 SOURCES2 FIELD_PS2 FIELD_JPEG2 FIELD_GIF2 FIELD_PDF2 SKY3 SOURCES3 FIELD_PS3 FIELD_JPEG3 FIELD_GIF3 FIELD_PDF3,80.23,1.274
18,1073821,2021-09-18,7:58:20,250.455,-45.54,3.0,250.4669,-45.5421,4.9,,,FITS JPEG GIF PDF PS FITS JPEG GIF PDF PS,FITS JPEG GIF PDF PS,FITS JPEG GIF PDF PS,,FITS JPEG GIF PDF PS,,FITS JPEG GIF PDF PS,FITS JPEG GIF PDF PS,FITS1 JPEG1 GIF1 PDF1 PS1 FITS2 JPEG2 GIF2 PDF2 PS2,SKY1 SOURCES1 CATALOG1 FIELD_PS1 FIELD_JPEG1 FIELD_GIF1 FIELD_PDF1 SKY2 SOURCES2 FIELD_PS2 FIELD_JPEG2 FIELD_GIF2 FIELD_PDF2,FITS1 JPEG1 GIF1 PDF1 PS1 FITS2 JPEG2 GIF2 PDF2 PS2,SKY1 SOURCES1 FIELD_PS1 FIELD_JPEG1 FIELD_GIF1 FIELD_PDF1 SKY2 SOURCES2 FIELD_PS2 FIELD_JPEG2 FIELD_GIF2 FIELD_PDF2,250.455,-45.54
19,1072990,2021-09-12,11:01:12,129.769,79.194,3.0,129.885,79.2225,6.1,,,FITS JPEG GIF PDF PS FITS JPEG GIF PDF PS,FITS JPEG GIF PDF PS,FITS JPEG GIF PDF PS,,FITS JPEG GIF PDF PS,,FITS JPEG GIF PDF PS,FITS JPEG GIF PDF PS,FITS1 JPEG1 GIF1 PDF1 PS1,SKY1 SOURCES1 FIELD_PS1 FIELD_JPEG1 FIELD_GIF1 FIELD_PDF1,FITS1 JPEG1 GIF1 PDF1 PS1 FITS2 JPEG2 GIF2 PDF2 PS2,SKY1 SOURCES1 FIELD_PS1 FIELD_JPEG1 FIELD_GIF1 FIELD_PDF1 SKY2 SOURCES2 FIELD_PS2 FIELD_JPEG2 FIELD_GIF2 FIELD_PDF2,129.769,79.194
20,1072706,2021-09-10,10:11:56,238.773,-54.055,3.0,238.7885,-54.0624,1.9,,,FITS JPEG GIF PDF PS FITS JPEG GIF PDF PS,FITS JPEG GIF PDF PS,FITS JPEG GIF PDF PS,,FITS JPEG GIF PDF PS,,,,FITS1 JPEG1 GIF1 PDF1 PS1 FITS2 JPEG2 GIF2 PDF2 PS2 FITS3 JPEG3 GIF3 PDF3 PS3,SKY1 SOURCES1 CATALOG1 FIELD_PS1 FIELD_JPEG1 FIELD_GIF1 FIELD_PDF1 SKY2 SOURCES2 CATALOG2 FIELD_PS2 FIELD_JPEG2 FIELD_GIF2 FIELD_PDF2 SKY3 SOURCES3 CATALOG3 FIELD_PS3 FIELD_JPEG3 FIELD_GIF3 FIELD_PDF3,FITS1 JPEG1 GIF1 PDF1 PS1 FITS2 JPEG2 GIF2 PDF2 PS2 FITS3 JPEG3 GIF3 PDF3 PS3,SKY1 SOURCES1 FIELD_PS1 FIELD_JPEG1 FIELD_GIF1 FIELD_PDF1 SKY2 SOURCES2 FIELD_PS2 FIELD_JPEG2 FIELD_GIF2 FIELD_PDF2 SKY3 SOURCES3 FIELD_PS3 FIELD_JPEG3 FIELD_GIF3 FIELD_PDF3,238.7885,-54.0624
21,1071993,2021-09-05,0:12:41,309.062,-44.431,3.0,309.0481,-44.4395,7.0,,,FITS JPEG GIF PDF PS FITS JPEG GIF PDF PS,FITS JPEG GIF PDF PS,FITS JPEG GIF PDF PS,,FITS JPEG GIF PDF PS,,FITS JPEG GIF PDF PS,FITS JPEG GIF PDF PS,FITS1 JPEG1 GIF1 PDF1 PS1,SKY1 SOURCES1 CATALOG1 FIELD_PS1 FIELD_JPEG1 FIELD_GIF1 FIELD_PDF1,FITS1 JPEG1 GIF1 PDF1 PS1,SKY1 SOURCES1 FIELD_PS1 FIELD_JPEG1 FIELD_GIF1 FIELD_PDF1,309.062,-44.431
22,1071769,2021-09-03,14:11:32,307.967,37.398,3.0,307.9671,37.4094,4.8,,,,FITS JPEG GIF PDF PS,FITS JPEG GIF PDF PS,,FITS JPEG GIF PDF PS,,FITS JPEG GIF PDF PS,FITS JPEG GIF PDF PS,FITS1 JPEG1 GIF1 PDF1 PS1 FITS2 JPEG2 GIF2 PDF2 PS2 FITS3 JPEG3 GIF3 PDF3 PS3,SKY1 SOURCES1 FIELD_PS1 FIELD_JPEG1 FIELD_GIF1 FIELD_PDF1 SKY2 SOURCES2 FIELD_PS2 FIELD_JPEG2 FIELD_GIF2 FIELD_PDF2 SKY3 SOURCES3 FIELD_PS3 FIELD_JPEG3 FIELD_GIF3 FIELD_PDF3 SKY4 SOURCES4 FIELD_PS4 FIELD_JPEG4 FIELD_GIF4 FIELD_PDF4,FITS1 JPEG1 GIF1 PDF1 PS1 FITS2 JPEG2 GIF2 PDF2 PS2 FITS3 JPEG3 GIF3 PDF3 PS3,SKY1 SOURCES1 FIELD_PS1 FIELD_JPEG1 FIELD_GIF1 FIELD_PDF1 SKY2 SOURCES2 FIELD_PS2 FIELD_JPEG2 FIELD_GIF2 FIELD_PDF2 SKY3 SOURCES3 FIELD_PS3 FIELD_JPEG3 FIELD_GIF3 FIELD_PDF3 SKY4 SOURCES4 FIELD_PS4 FIELD_JPEG4 FIELD_GIF4 FIELD_PDF4,307.967,37.398
23,1071768,2021-09-03,14:04:44,299.55,34.943,3.0,299.5362,34.9755,4.7,,,FITS JPEG GIF PDF PS FITS JPEG GIF PDF PS,FITS JPEG GIF PDF PS,FITS JPEG GIF PDF PS,,FITS JPEG GIF PDF PS,,FITS JPEG GIF PDF PS,FITS JPEG GIF PDF PS,FITS1 JPEG1 GIF1 PDF1 PS1 FITS2 JPEG2 GIF2 PDF2 PS2,SKY1 SOURCES1 FIELD_PS1 FIELD_JPEG1 FIELD_GIF1 FIELD_PDF1 SKY2 SOURCES2 FIELD_PS2 FIELD_JPEG2 FIELD_GIF2 FIELD_PDF2,FITS1 JPEG1 GIF1 PDF1 PS1 FITS2 JPEG2 GIF2 PDF2 PS2,SKY1 SOURCES1 FIELD_PS1 FIELD_JPEG1 FIELD_GIF1 FIELD_PDF1 SKY2 SOURCES2 FIELD_PS2 FIELD_JPEG2 FIELD_GIF2 FIELD_PDF2,299.55,34.943
24,1071767,2021-09-03,14:00:44,186.147,-62.692,3.0,,,,,,FITS JPEG GIF PDF PS,,,,,,,,,SKY1 SOURCES1 FIELD_PS1 FIELD_JPEG1 FIELD_GIF1 FIELD_PDF1,,SKY1 SOURCES1 FIELD_PS1 FIELD_JPEG1 FIELD_GIF1 FIELD_PDF1,186.147,-62.692
25,1071765,2021-09-03,13:53:56,186.206,-62.645,3.0,186.1622,-62.6816,6.0,,,,FITS JPEG GIF PDF PS,FITS JPEG GIF PDF PS,,FITS JPEG GIF PDF PS,,FITS JPEG GIF PDF PS,FITS JPEG GIF PDF PS,FITS1 JPEG1 GIF1 PDF1 PS1 FITS2 JPEG2 GIF2 PDF2 PS2,SKY1 SOURCES1 FIELD_PS1 FIELD_JPEG1 FIELD_GIF1 FIELD_PDF1,FITS1 JPEG1 GIF1 PDF1 PS1 FITS2 JPEG2 GIF2 PDF2 PS2,,186.206,-62.645
26,1071762,2021-09-03,13:46:04,135.414,-40.309,3.0,135.4377,-40.3207,5.9,,,FITS JPEG GIF PDF PS FITS JPEG GIF PDF PS,FITS JPEG GIF PDF PS,FITS JPEG GIF PDF PS,,FITS JPEG GIF PDF PS,,FITS JPEG GIF PDF PS,FITS JPEG GIF PDF PS,FITS1 JPEG1 GIF1 PDF1 PS1 FITS2 JPEG2 GIF2 PDF2 PS2,SKY1 SOURCES1 FIELD_PS1 FIELD_JPEG1 FIELD_GIF1 FIELD_PDF1,FITS1 JPEG1 GIF1 PDF1 PS1,SKY1 SOURCES1 FIELD_PS1 FIELD_JPEG1 FIELD_GIF1 FIELD_PDF1,135.414,-40.309
27,1071488,2021-09-01,15:04:36,295.292,-76.932,3.0,295.2774,-76.9261,1.9,,,FITS JPEG GIF PDF PS FITS JPEG GIF PDF PS,FITS JPEG GIF PDF PS,FITS JPEG GIF PDF PS,,FITS JPEG GIF PDF PS,,FITS JPEG GIF PDF PS,FITS JPEG GIF PDF PS,FITS1 JPEG1 GIF1 PDF1 PS1 FITS2 JPEG2 GIF2 PDF2 PS2 FITS3 JPEG3 GIF3 PDF3 PS3,SKY1 SOURCES1 CATALOG1 FIELD_PS1 FIELD_JPEG1 FIELD_GIF1 FIELD_PDF1 SKY2 SOURCES2 CATALOG2 FIELD_PS2 FIELD_JPEG2 FIELD_GIF2 FIELD_PDF2 SKY3 SOURCES3 CATALOG3 FIELD_PS3 FIELD_JPEG3 FIELD_GIF3 FIELD_PDF3,FITS1 JPEG1 GIF1 PDF1 PS1 FITS2 JPEG2 GIF2 PDF2 PS2 FITS3 JPEG3 GIF3 PDF3 PS3,SKY1 SOURCES1 FIELD_PS1 FIELD_JPEG1 FIELD_GIF1 FIELD_PDF1 SKY2 SOURCES2 FIELD_PS2 FIELD_JPEG2 FIELD_GIF2 FIELD_PDF2 SKY3 SOURCES3 FIELD_PS3 FIELD_JPEG3 FIELD_GIF3 FIELD_PDF3,295.2774,-76.9261
28,1070298,2021-08-25,6:53:27,238.836,-54.07,3.0,238.7858,-54.0617,1.9,,,FITS JPEG GIF PDF PS FITS JPEG GIF PDF PS,FITS JPEG GIF PDF PS,FITS JPEG GIF PDF PS,,FITS JPEG GIF PDF PS,,,,FITS1 JPEG1 GIF1 PDF1 PS1 FITS2 JPEG2 GIF2 PDF2 PS2 FITS3 JPEG3 GIF3 PDF3 PS3,SKY1 SOURCES1 CATALOG1 FIELD_PS1 FIELD_JPEG1 FIELD_GIF1 FIELD_PDF1 SKY2 SOURCES2 CATALOG2 FIELD_PS2 FIELD_JPEG2 FIELD_GIF2 FIELD_PDF2 SKY3 SOURCES3 CATALOG3 FIELD_PS3 FIELD_JPEG3 FIELD_GIF3 FIELD_PDF3,FITS1 JPEG1 GIF1 PDF1 PS1 FITS2 JPEG2 GIF2 PDF2 PS2 FITS3 JPEG3 GIF3 PDF3 PS3,SKY1 SOURCES1 FIELD_PS1 FIELD_JPEG1 FIELD_GIF1 FIELD_PDF1 SKY2 SOURCES2 FIELD_PS2 FIELD_JPEG2 FIELD_GIF2 FIELD_PDF2 SKY3 SOURCES3 FIELD_PS3 FIELD_JPEG3 FIELD_GIF3 FIELD_PDF3,238.7858,-54.0617
29,1070157,2021-08-24,4:10:02,232.132,11.135,3.0,232.1051,11.1516,7.4,,,FITS JPEG GIF PDF PS FITS JPEG GIF PDF PS,FITS JPEG GIF PDF PS,FITS JPEG GIF PDF PS,,FITS JPEG GIF PDF PS,,,,FITS1 JPEG1 GIF1 PDF1 PS1,SKY1 SOURCES1 CATALOG1 FIELD_PS1 FIELD_JPEG1 FIELD_GIF1 FIELD_PDF1,FITS1 JPEG1 GIF1 PDF1 PS1,SKY1 SOURCES1 FIELD_PS1 FIELD_JPEG1 FIELD_GIF1 FIELD_PDF1,232.132,11.135
30,1069788,2021-08-22,9:18:18,304.476,5.265,3.0,304.4377,5.2786,6.4,304.4375,5.2833,FITS JPEG GIF PDF PS FITS JPEG GIF PDF PS,FITS JPEG GIF PDF PS,FITS JPEG GIF PDF PS,,FITS JPEG GIF PDF PS,,FITS JPEG GIF PDF PS,FITS JPEG GIF PDF PS,FITS1 JPEG1 GIF1 PDF1 PS1 FITS2 JPEG2 GIF2 PDF2 PS2 FITS3 JPEG3 GIF3 PDF3 PS3,SKY1 SOURCES1 CATALOG1 FIELD_PS1 FIELD_JPEG1 FIELD_GIF1 FIELD_PDF1 SKY2 SOURCES2 CATALOG2 FIELD_PS2 FIELD_JPEG2 FIELD_GIF2 FIELD_PDF2 SKY3 SOURCES3 CATALOG3 FIELD_PS3 FIELD_JPEG3 FIELD_GIF3 FIELD_PDF3,FITS1 JPEG1 GIF1 PDF1 PS1 FITS2 JPEG2 GIF2 PDF2 PS2 FITS3 JPEG3 GIF3 PDF3 PS3,SKY1 SOURCES1 FIELD_PS1 FIELD_JPEG1 FIELD_GIF1 FIELD_PDF1 SKY2 SOURCES2 FIELD_PS2 FIELD_JPEG2 FIELD_GIF2 FIELD_PDF2 SKY3 SOURCES3 FIELD_PS3 FIELD_JPEG3 FIELD_GIF3 FIELD_PDF3,304.476,5.265
31,1069551,2021-08-20,17:38:01,20.629,4.632,3.0,20.6392,4.6078,1.9,20.6395,4.6078,FITS JPEG GIF PDF PS FITS JPEG GIF PDF PS,FITS JPEG GIF PDF PS,FITS JPEG GIF PDF PS,,FITS JPEG GIF PDF PS,,FITS JPEG GIF PDF PS,FITS JPEG GIF PDF PS,FITS1 JPEG1 GIF1 PDF1 PS1 FITS2 JPEG2 GIF2 PDF2 PS2,SKY1 SOURCES1 CATALOG1 FIELD_PS1 FIELD_JPEG1 FIELD_GIF1 FIELD_PDF1 SKY2 SOURCES2 CATALOG2 FIELD_PS2 FIELD_JPEG2 FIELD_GIF2 FIELD_PDF2,FITS1 JPEG1 GIF1 PDF1 PS1 FITS2 JPEG2 GIF2 PDF2 PS2,SKY1 SOURCES1 FIELD_PS1 FIELD_JPEG1 FIELD_GIF1 FIELD_PDF1 SKY2 SOURCES2 FIELD_PS2 FIELD_JPEG2 FIELD_GIF2 FIELD_PDF2,20.6392,4.6078
32,1069242,2021-08-18,16:17:00,299.819,35.277,3.0,299.593,35.1943,5.5,,,FITS JPEG GIF PDF PS FITS JPEG GIF PDF PS,FITS JPEG GIF PDF PS,FITS JPEG GIF PDF PS,,FITS JPEG GIF PDF PS,,FITS JPEG GIF PDF PS,FITS JPEG GIF PDF PS,,,,,299.819,35.277
33,1069169,2021-08-18,1:02:08,149.131,-87.031,3.0,148.8492,-87.0252,4.7,148.8672,-87.0246,FITS JPEG GIF PDF PS FITS JPEG GIF PDF PS,,FITS JPEG GIF PDF PS,,FITS JPEG GIF PDF PS,,FITS JPEG GIF PDF PS,FITS JPEG GIF PDF PS,FITS1 JPEG1 GIF1 PDF1 PS1 FITS2 JPEG2 GIF2 PDF2 PS2 FITS3 JPEG3 GIF3 PDF3 PS3,SKY1 SOURCES1 CATALOG1 FIELD_PS1 FIELD_JPEG1 FIELD_GIF1 FIELD_PDF1 SKY2 SOURCES2 CATALOG2 FIELD_PS2 FIELD_JPEG2 FIELD_GIF2 FIELD_PDF2 SKY3 SOURCES3 CATALOG3 FIELD_PS3 FIELD_JPEG3 FIELD_GIF3 FIELD_PDF3,FITS1 JPEG1 GIF1 PDF1 PS1 FITS2 JPEG2 GIF2 PDF2 PS2 FITS3 JPEG3 GIF3 PDF3 PS3,SKY1 SOURCES1 FIELD_PS1 FIELD_JPEG1 FIELD_GIF1 FIELD_PDF1 SKY2 SOURCES2 FIELD_PS2 FIELD_JPEG2 FIELD_GIF2 FIELD_PDF2 SKY3 SOURCES3 FIELD_PS3 FIELD_JPEG3 FIELD_GIF3 FIELD_PDF3,149.131,-87.031
34,1064421,2021-08-07,22:57:08,143.551,-51.409,3.0,143.5344,-51.4024,7.0,,,FITS JPEG GIF PDF PS FITS JPEG GIF PDF PS,FITS JPEG GIF PDF PS,FITS JPEG GIF PDF PS,,FITS JPEG GIF PDF PS,,FITS JPEG GIF PDF PS,FITS JPEG GIF PDF PS,FITS1 JPEG1 GIF1 PDF1 PS1,SKY1 SOURCES1 CATALOG1 FIELD_PS1 FIELD_JPEG1 FIELD_GIF1 FIELD_PDF1,FITS1 JPEG1 GIF1 PDF1 PS1,SKY1 SOURCES1 FIELD_PS1 FIELD_JPEG1 FIELD_GIF1 FIELD_PDF1,143.551,-51.409
35,1064380,2021-08-07,18:51:40,245.114,-15.937,3.0,,,,,,FITS JPEG GIF PDF PS FITS JPEG GIF PDF PS,,,,,,,,,SKY1 SOURCES1 FIELD_PS1 FIELD_JPEG1 FIELD_GIF1 FIELD_PDF1,,SKY1 SOURCES1 FIELD_PS1 FIELD_JPEG1 FIELD_GIF1 FIELD_PDF1,245.114,-15.937
36,1064377,2021-08-07,18:41:40,245.132,-15.898,3.0,245.1012,-15.9059,4.7,,,FITS JPEG GIF PDF PS FITS JPEG GIF PDF PS,FITS JPEG GIF PDF PS,FITS JPEG GIF PDF PS,,FITS JPEG GIF PDF PS,,FITS JPEG GIF PDF PS,FITS JPEG GIF PDF PS,FITS1 JPEG1 GIF1 PDF1 PS1 FITS2 JPEG2 GIF2 PDF2 PS2,SKY1 SOURCES1 FIELD_PS1 FIELD_JPEG1 FIELD_GIF1 FIELD_PDF1,FITS1 JPEG1 GIF1 PDF1 PS1 FITS2 JPEG2 GIF2 PDF2 PS2,SKY1 SOURCES1 FIELD_PS1 FIELD_JPEG1 FIELD_GIF1 FIELD_PDF1,245.132,-15.898
37,1064361,2021-08-07,17:50:36,83.717,22.21,3.0,,,,,,FITS JPEG GIF PDF PS FITS JPEG GIF PDF PS,FITS JPEG GIF PDF PS,FITS JPEG GIF PDF PS,,FITS JPEG GIF PDF PS,,,,FITS1 JPEG1 GIF1 PDF1 PS1 FITS2 JPEG2 GIF2 PDF2 PS2 FITS3 JPEG3 GIF3 PDF3 PS3,SKY1 SOURCES1 FIELD_PS1 FIELD_JPEG1 FIELD_GIF1 FIELD_PDF1 SKY2 SOURCES2 FIELD_PS2 FIELD_JPEG2 FIELD_GIF2 FIELD_PDF2 SKY3 SOURCES3 FIELD_PS3 FIELD_JPEG3 FIELD_GIF3 FIELD_PDF3,FITS1 JPEG1 GIF1 PDF1 PS1 FITS2 JPEG2 GIF2 PDF2 PS2 FITS3 JPEG3 GIF3 PDF3 PS3,SKY1 SOURCES1 FIELD_PS1 FIELD_JPEG1 FIELD_GIF1 FIELD_PDF1 SKY2 SOURCES2 FIELD_PS2 FIELD_JPEG2 FIELD_GIF2 FIELD_PDF2 SKY3 SOURCES3 FIELD_PS3 FIELD_JPEG3 FIELD_GIF3 FIELD_PDF3,83.717,22.21
38,1064221,2021-08-07,10:03:40,76.677,58.245,3.0,76.6815,58.2503,4.9,76.6829,58.2497,FITS JPEG GIF PDF PS FITS JPEG GIF PDF PS,FITS JPEG GIF PDF PS,FITS JPEG GIF PDF PS,,FITS JPEG GIF PDF PS,,FITS JPEG GIF PDF PS,FITS JPEG GIF PDF PS,FITS1 JPEG1 GIF1 PDF1 PS1,SKY1 SOURCES1 CATALOG1 FIELD_PS1 FIELD_JPEG1 FIELD_GIF1 FIELD_PDF1,FITS1 JPEG1 GIF1 PDF1 PS1,SKY1 SOURCES1 FIELD_PS1 FIELD_JPEG1 FIELD_GIF1 FIELD_PDF1,76.677,58.245
39,1062336,2021-07-31,22:21:09,300.314,-28.042,3.0,300.3036,-28.0595,5.8,,,FITS JPEG GIF PDF PS FITS JPEG GIF PDF PS,FITS JPEG GIF PDF PS,FITS JPEG GIF PDF PS,,FITS JPEG GIF PDF PS,,FITS JPEG GIF PDF PS,FITS JPEG GIF PDF PS,FITS1 JPEG1 GIF1 PDF1 PS1,SKY1 SOURCES1 CATALOG1 FIELD_PS1 FIELD_JPEG1 FIELD_GIF1 FIELD_PDF1,FITS1 JPEG1 GIF1 PDF1 PS1,SKY1 SOURCES1 FIELD_PS1 FIELD_JPEG1 FIELD_GIF1 FIELD_PDF1,300.314,-28.042
40,1062273,2021-07-31,14:33:09,255.992,-37.851,3.0,255.9871,-37.8434,4.9,,,FITS JPEG GIF PDF PS FITS JPEG GIF PDF PS,FITS JPEG GIF PDF PS,FITS JPEG GIF PDF PS,,FITS JPEG GIF PDF PS,,FITS JPEG GIF PDF PS,FITS JPEG GIF PDF PS,,,,,255.992,-37.851
41,1062150,2021-07-30,4:57:29,149.592,69.705,3.0,149.5914,69.6922,8.2,,,FITS JPEG GIF PDF PS FITS JPEG GIF PDF PS,FITS JPEG GIF PDF PS,FITS JPEG GIF PDF PS,,FITS JPEG GIF PDF PS,,FITS JPEG GIF PDF PS,FITS JPEG GIF PDF PS,,,FITS1 JPEG1 GIF1 PDF1 PS1,SKY1 SOURCES1 FIELD_PS1 FIELD_JPEG1 FIELD_GIF1 FIELD_PDF1,149.592,69.705
42,1061687,2021-07-26,19:19:04,193.342,19.185,3.0,193.2908,19.1898,1.9,,,FITS JPEG GIF PDF PS FITS JPEG GIF PDF PS,FITS JPEG GIF PDF PS,FITS JPEG GIF PDF PS,,FITS JPEG GIF PDF PS,,,,FITS1 JPEG1 GIF1 PDF1 PS1 FITS2 JPEG2 GIF2 PDF2 PS2 FITS3 JPEG3 GIF3 PDF3 PS3,SKY1 SOURCES1 CATALOG1 FIELD_PS1 FIELD_JPEG1 FIELD_GIF1 FIELD_PDF1 SKY2 SOURCES2 CATALOG2 FIELD_PS2 FIELD_JPEG2 FIELD_GIF2 FIELD_PDF2,FITS1 JPEG1 GIF1 PDF1 PS1 FITS2 JPEG2 GIF2 PDF2 PS2 FITS3 JPEG3 GIF3 PDF3 PS3,SKY1 SOURCES1 FIELD_PS1 FIELD_JPEG1 FIELD_GIF1 FIELD_PDF1 SKY2 SOURCES2 FIELD_PS2 FIELD_JPEG2 FIELD_GIF2 FIELD_PDF2 SKY3 SOURCES3 FIELD_PS3 FIELD_JPEG3 FIELD_GIF3 FIELD_PDF3,193.2908,19.1898
43,1061554,2021-07-25,12:00:48,192.932,17.125,3.0,192.9218,17.108,1.9,,,FITS JPEG GIF PDF PS FITS JPEG GIF PDF PS,FITS JPEG GIF PDF PS,FITS JPEG GIF PDF PS,,FITS JPEG GIF PDF PS,,,,FITS1 JPEG1 GIF1 PDF1 PS1 FITS2 JPEG2 GIF2 PDF2 PS2,SKY1 SOURCES1 CATALOG1 FIELD_PS1 FIELD_JPEG1 FIELD_GIF1 FIELD_PDF1 SKY2 SOURCES2 CATALOG2 FIELD_PS2 FIELD_JPEG2 FIELD_GIF2 FIELD_PDF2,FITS1 JPEG1 GIF1 PDF1 PS1 FITS2 JPEG2 GIF2 PDF2 PS2,SKY1 SOURCES1 FIELD_PS1 FIELD_JPEG1 FIELD_GIF1 FIELD_PDF1 SKY2 SOURCES2 FIELD_PS2 FIELD_JPEG2 FIELD_GIF2 FIELD_PDF2,192.9218,17.108
44,1061511,2021-07-25,3:47:03,215.363,-1.177,3.0,215.3737,-1.1931,1.9,,,FITS JPEG GIF PDF PS FITS JPEG GIF PDF PS,FITS JPEG GIF PDF PS,FITS JPEG GIF PDF PS,,FITS JPEG GIF PDF PS,,,,FITS1 JPEG1 GIF1 PDF1 PS1 FITS2 JPEG2 GIF2 PDF2 PS2 FITS3 JPEG3 GIF3 PDF3 PS3,SKY1 SOURCES1 CATALOG1 FIELD_PS1 FIELD_JPEG1 FIELD_GIF1 FIELD_PDF1 SKY2 SOURCES2 CATALOG2 FIELD_PS2 FIELD_JPEG2 FIELD_GIF2 FIELD_PDF2 SKY3 SOURCES3 CATALOG3 FIELD_PS3 FIELD_JPEG3 FIELD_GIF3 FIELD_PDF3,FITS1 JPEG1 GIF1 PDF1 PS1 FITS2 JPEG2 GIF2 PDF2 PS2 FITS3 JPEG3 GIF3 PDF3 PS3,SKY1 SOURCES1 FIELD_PS1 FIELD_JPEG1 FIELD_GIF1 FIELD_PDF1 SKY2 SOURCES2 FIELD_PS2 FIELD_JPEG2 FIELD_GIF2 FIELD_PDF2 SKY3 SOURCES3 FIELD_PS3 FIELD_JPEG3 FIELD_GIF3 FIELD_PDF3,215.3737,-1.1931
45,1061482,2021-07-24,20:14:09,227.407,-6.274,3.0,227.4139,-6.291,1.9,,,FITS JPEG GIF PDF PS FITS JPEG GIF PDF PS,FITS JPEG GIF PDF PS,FITS JPEG GIF PDF PS,,FITS JPEG GIF PDF PS,,,,FITS1 JPEG1 GIF1 PDF1 PS1 FITS2 JPEG2 GIF2 PDF2 PS2,SKY1 SOURCES1 CATALOG1 FIELD_PS1 FIELD_JPEG1 FIELD_GIF1 FIELD_PDF1 SKY2 SOURCES2 CATALOG2 FIELD_PS2 FIELD_JPEG2 FIELD_GIF2 FIELD_PDF2,FITS1 JPEG1 GIF1 PDF1 PS1 FITS2 JPEG2 GIF2 PDF2 PS2,SKY1 SOURCES1 FIELD_PS1 FIELD_JPEG1 FIELD_GIF1 FIELD_PDF1 SKY2 SOURCES2 FIELD_PS2 FIELD_JPEG2 FIELD_GIF2 FIELD_PDF2,227.4139,-6.291
46,1061284,2021-07-23,14:46:11,121.726,-32.889,3.0,121.7211,-32.8853,1.9,,,FITS JPEG GIF PDF PS FITS JPEG GIF PDF PS,FITS JPEG GIF PDF PS,FITS JPEG GIF PDF PS,,FITS JPEG GIF PDF PS,,FITS JPEG GIF PDF PS,FITS JPEG GIF PDF PS,FITS1 JPEG1 GIF1 PDF1 PS1 FITS2 JPEG2 GIF2 PDF2 PS2 FITS3 JPEG3 GIF3 PDF3 PS3,SKY1 SOURCES1 CATALOG1 FIELD_PS1 FIELD_JPEG1 FIELD_GIF1 FIELD_PDF1 SKY2 SOURCES2 CATALOG2 FIELD_PS2 FIELD_JPEG2 FIELD_GIF2 FIELD_PDF2 SKY3 SOURCES3 CATALOG3 FIELD_PS3 FIELD_JPEG3 FIELD_GIF3 FIELD_PDF3,FITS1 JPEG1 GIF1 PDF1 PS1 FITS2 JPEG2 GIF2 PDF2 PS2 FITS3 JPEG3 GIF3 PDF3 PS3,SKY1 SOURCES1 FIELD_PS1 FIELD_JPEG1 FIELD_GIF1 FIELD_PDF1 SKY2 SOURCES2 FIELD_PS2 FIELD_JPEG2 FIELD_GIF2 FIELD_PDF2 SKY3 SOURCES3 FIELD_PS3 FIELD_JPEG3 FIELD_GIF3 FIELD_PDF3,121.7211,-32.8853
47,1061223,2021-07-22,20:54:42,27.023,-6.354,3.0,27.0303,-6.3475,1.9,27.0302,-6.3471,FITS JPEG GIF PDF PS FITS JPEG GIF PDF PS,FITS JPEG GIF PDF PS,FITS JPEG GIF PDF PS,,FITS JPEG GIF PDF PS,,FITS JPEG GIF PDF PS,FITS JPEG GIF PDF PS,FITS1 JPEG1 GIF1 PDF1 PS1 FITS2 JPEG2 GIF2 PDF2 PS2 FITS3 JPEG3 GIF3 PDF3 PS3,SKY1 SOURCES1 CATALOG1 FIELD_PS1 FIELD_JPEG1 FIELD_GIF1 FIELD_PDF1 SKY2 SOURCES2 CATALOG2 FIELD_PS2 FIELD_JPEG2 FIELD_GIF2 FIELD_PDF2 SKY3 SOURCES3 CATALOG3 FIELD_PS3 FIELD_JPEG3 FIELD_GIF3 FIELD_PDF3,FITS1 JPEG1 GIF1 PDF1 PS1 FITS2 JPEG2 GIF2 PDF2 PS2 FITS3 JPEG3 GIF3 PDF3 PS3,SKY1 SOURCES1 FIELD_PS1 FIELD_JPEG1 FIELD_GIF1 FIELD_PDF1 SKY2 SOURCES2 FIELD_PS2 FIELD_JPEG2 FIELD_GIF2 FIELD_PDF2 SKY3 SOURCES3 FIELD_PS3 FIELD_JPEG3 FIELD_GIF3 FIELD_PDF3,27.0303,-6.3475
48,1059881,2021-07-12,9:43:12,97.337,-35.393,3.0,97.3319,-35.3716,1.9,,,FITS JPEG GIF PDF PS FITS JPEG GIF PDF PS,FITS JPEG GIF PDF PS,FITS JPEG GIF PDF PS,,FITS JPEG GIF PDF PS,,FITS JPEG GIF PDF PS,FITS JPEG GIF PDF PS,FITS1 JPEG1 GIF1 PDF1 PS1 FITS2 JPEG2 GIF2 PDF2 PS2,SKY1 SOURCES1 CATALOG1 FIELD_PS1 FIELD_JPEG1 FIELD_GIF1 FIELD_PDF1 SKY2 SOURCES2 CATALOG2 FIELD_PS2 FIELD_JPEG2 FIELD_GIF2 FIELD_PDF2,FITS1 JPEG1 GIF1 PDF1 PS1 FITS2 JPEG2 GIF2 PDF2 PS2,SKY1 SOURCES1 FIELD_PS1 FIELD_JPEG1 FIELD_GIF1 FIELD_PDF1 SKY2 SOURCES2 FIELD_PS2 FIELD_JPEG2 FIELD_GIF2 FIELD_PDF2,97.3319,-35.3716
49,1059494,2021-07-08,13:23:25,142.579,14.471,3.0,,,,,,FITS JPEG GIF PDF PS FITS JPEG GIF PDF PS,,,,,,,,,,,,142.579,14.471
50,1059460,2021-07-08,2:25:37,173.699,-49.187,3.0,173.7372,-49.1512,7.2,,,FITS JPEG GIF PDF PS FITS JPEG GIF PDF PS,,FITS JPEG GIF PDF PS,,FITS JPEG GIF PDF PS,,,,,,,,173.699,-49.187
51,1058804,2021-07-02,19:07:14,168.57,-36.741,3.0,168.5813,-36.7474,4.7,,,FITS JPEG GIF PDF PS FITS JPEG GIF PDF PS,FITS JPEG GIF PDF PS,FITS JPEG GIF PDF PS,,FITS JPEG GIF PDF PS,,FITS JPEG GIF PDF PS,FITS JPEG GIF PDF PS,FITS1 JPEG1 GIF1 PDF1 PS1 FITS2 JPEG2 GIF2 PDF2 PS2,SKY1 SOURCES1 CATALOG1 FIELD_PS1 FIELD_JPEG1 FIELD_GIF1 FIELD_PDF1 SKY2 SOURCES2 FIELD_PS2 FIELD_JPEG2 FIELD_GIF2 FIELD_PDF2,FITS1 JPEG1 GIF1 PDF1 PS1 FITS2 JPEG2 GIF2 PDF2 PS2,SKY1 SOURCES1 FIELD_PS1 FIELD_JPEG1 FIELD_GIF1 FIELD_PDF1 SKY2 SOURCES2 FIELD_PS2 FIELD_JPEG2 FIELD_GIF2 FIELD_PDF2,168.57,-36.741
52,1057131,2021-06-21,17:04:37,238.812,-54.063,3.0,238.7872,-54.0613,2.0,,,FITS JPEG GIF PDF PS FITS JPEG GIF PDF PS,FITS JPEG GIF PDF PS,FITS JPEG GIF PDF PS,,FITS JPEG GIF PDF PS,,,,FITS1 JPEG1 GIF1 PDF1 PS1 FITS2 JPEG2 GIF2 PDF2 PS2 FITS3 JPEG3 GIF3 PDF3 PS3,SKY1 SOURCES1 CATALOG1 FIELD_PS1 FIELD_JPEG1 FIELD_GIF1 FIELD_PDF1 SKY2 SOURCES2 CATALOG2 FIELD_PS2 FIELD_JPEG2 FIELD_GIF2 FIELD_PDF2 SKY3 SOURCES3 CATALOG3 FIELD_PS3 FIELD_JPEG3 FIELD_GIF3 FIELD_PDF3,FITS1 JPEG1 GIF1 PDF1 PS1 FITS2 JPEG2 GIF2 PDF2 PS2 FITS3 JPEG3 GIF3 PDF3 PS3,SKY1 SOURCES1 FIELD_PS1 FIELD_JPEG1 FIELD_GIF1 FIELD_PDF1 SKY2 SOURCES2 FIELD_PS2 FIELD_JPEG2 FIELD_GIF2 FIELD_PDF2 SKY3 SOURCES3 FIELD_PS3 FIELD_JPEG3 FIELD_GIF3 FIELD_PDF3,238.7872,-54.0613
53,1056757,2021-06-19,23:59:25,319.713,33.86,3.0,319.718,33.8504,6.4,319.7183,33.8504,FITS JPEG GIF PDF PS FITS JPEG GIF PDF PS,FITS JPEG GIF PDF PS,FITS JPEG GIF PDF PS,,FITS JPEG GIF PDF PS,,FITS JPEG GIF PDF PS,FITS JPEG GIF PDF PS,FITS1 JPEG1 GIF1 PDF1 PS1 FITS2 JPEG2 GIF2 PDF2 PS2 FITS3 JPEG3 GIF3 PDF3 PS3,SKY1 SOURCES1 CATALOG1 FIELD_PS1 FIELD_JPEG1 FIELD_GIF1 FIELD_PDF1 SKY2 SOURCES2 CATALOG2 FIELD_PS2 FIELD_JPEG2 FIELD_GIF2 FIELD_PDF2 SKY3 SOURCES3 CATALOG3 FIELD_PS3 FIELD_JPEG3 FIELD_GIF3 FIELD_PDF3,FITS1 JPEG1 GIF1 PDF1 PS1 FITS2 JPEG2 GIF2 PDF2 PS2 FITS3 JPEG3 GIF3 PDF3 PS3,SKY1 SOURCES1 FIELD_PS1 FIELD_JPEG1 FIELD_GIF1 FIELD_PDF1 SKY2 SOURCES2 FIELD_PS2 FIELD_JPEG2 FIELD_GIF2 FIELD_PDF2 SKY3 SOURCES3 FIELD_PS3 FIELD_JPEG3 FIELD_GIF3 FIELD_PDF3,319.713,33.86
54,1056426,2021-06-18,1:43:37,235.82,46.043,3.0,,,,,,FITS JPEG GIF PDF PS FITS JPEG GIF PDF PS,FITS JPEG GIF PDF PS,FITS JPEG GIF PDF PS,,FITS JPEG GIF PDF PS,,,,,,,,235.82,46.043
55,1054681,2021-06-10,19:51:28,243.939,14.391,3.0,243.918,14.3977,6.7,243.9183,14.399,FITS JPEG GIF PDF PS FITS JPEG GIF PDF PS,FITS JPEG GIF PDF PS,FITS JPEG GIF PDF PS,,FITS JPEG GIF PDF PS,,FITS JPEG GIF PDF PS,FITS JPEG GIF PDF PS,FITS1 JPEG1 GIF1 PDF1 PS1 FITS2 JPEG2 GIF2 PDF2 PS2 FITS3 JPEG3 GIF3 PDF3 PS3,SKY1 SOURCES1 CATALOG1 FIELD_PS1 FIELD_JPEG1 FIELD_GIF1 FIELD_PDF1 SKY2 SOURCES2 CATALOG2 FIELD_PS2 FIELD_JPEG2 FIELD_GIF2 FIELD_PDF2 SKY3 SOURCES3 CATALOG3 FIELD_PS3 FIELD_JPEG3 FIELD_GIF3 FIELD_PDF3,FITS1 JPEG1 GIF1 PDF1 PS1 FITS2 JPEG2 GIF2 PDF2 PS2 FITS3 JPEG3 GIF3 PDF3 PS3,SKY1 SOURCES1 FIELD_PS1 FIELD_JPEG1 FIELD_GIF1 FIELD_PDF1 SKY2 SOURCES2 FIELD_PS2 FIELD_JPEG2 FIELD_GIF2 FIELD_PDF2 SKY3 SOURCES3 FIELD_PS3 FIELD_JPEG3 FIELD_GIF3 FIELD_PDF3,243.939,14.391
56,1054627,2021-06-10,15:03:43,204.285,14.48,3.0,204.2822,14.465,2.2,204.2817,14.4652,FITS JPEG GIF PDF PS FITS JPEG GIF PDF PS,FITS JPEG GIF PDF PS,FITS JPEG GIF PDF PS,,FITS JPEG GIF PDF PS,,,,FITS1 JPEG1 GIF1 PDF1 PS1 FITS2 JPEG2 GIF2 PDF2 PS2 FITS3 JPEG3 GIF3 PDF3 PS3,SKY1 SOURCES1 CATALOG1 FIELD_PS1 FIELD_JPEG1 FIELD_GIF1 FIELD_PDF1 SKY2 SOURCES2 CATALOG2 FIELD_PS2 FIELD_JPEG2 FIELD_GIF2 FIELD_PDF2 SKY3 SOURCES3 FIELD_PS3 FIELD_JPEG3 FIELD_GIF3 FIELD_PDF3,FITS1 JPEG1 GIF1 PDF1 PS1 FITS2 JPEG2 GIF2 PDF2 PS2 FITS3 JPEG3 GIF3 PDF3 PS3,SKY1 SOURCES1 FIELD_PS1 FIELD_JPEG1 FIELD_GIF1 FIELD_PDF1 SKY2 SOURCES2 FIELD_PS2 FIELD_JPEG2 FIELD_GIF2 FIELD_PDF2 SKY3 SOURCES3 FIELD_PS3 FIELD_JPEG3 FIELD_GIF3 FIELD_PDF3,204.2822,14.465
57,1053220,2021-06-03,9:45:47,238.819,-54.046,3.0,,,,,,FITS JPEG GIF PDF PS FITS JPEG GIF PDF PS,FITS JPEG GIF PDF PS,FITS JPEG GIF PDF PS,,FITS JPEG GIF PDF PS,,,,FITS1 JPEG1 GIF1 PDF1 PS1 FITS2 JPEG2 GIF2 PDF2 PS2,SKY1 SOURCES1 CATALOG1 FIELD_PS1 FIELD_JPEG1 FIELD_GIF1 FIELD_PDF1 SKY2 SOURCES2 CATALOG2 FIELD_PS2 FIELD_JPEG2 FIELD_GIF2 FIELD_PDF2,FITS1 JPEG1 GIF1 PDF1 PS1 FITS2 JPEG2 GIF2 PDF2 PS2,SKY1 SOURCES1 FIELD_PS1 FIELD_JPEG1 FIELD_GIF1 FIELD_PDF1 SKY2 SOURCES2 FIELD_PS2 FIELD_JPEG2 FIELD_GIF2 FIELD_PDF2,238.819,-54.046
58,1048783,2021-05-17,5:28:02,358.174,-39.105,3.0,358.2246,-39.1022,2.2,,,FITS JPEG GIF PDF PS FITS JPEG GIF PDF PS,FITS JPEG GIF PDF PS,FITS JPEG GIF PDF PS,,FITS JPEG GIF PDF PS,,,,FITS1 JPEG1 GIF1 PDF1 PS1 FITS2 JPEG2 GIF2 PDF2 PS2 FITS3 JPEG3 GIF3 PDF3 PS3,SKY1 SOURCES1 CATALOG1 FIELD_PS1 FIELD_JPEG1 FIELD_GIF1 FIELD_PDF1 SKY2 SOURCES2 CATALOG2 FIELD_PS2 FIELD_JPEG2 FIELD_GIF2 FIELD_PDF2 SKY3 SOURCES3 CATALOG3 FIELD_PS3 FIELD_JPEG3 FIELD_GIF3 FIELD_PDF3,FITS1 JPEG1 GIF1 PDF1 PS1 FITS2 JPEG2 GIF2 PDF2 PS2 FITS3 JPEG3 GIF3 PDF3 PS3,SKY1 SOURCES1 FIELD_PS1 FIELD_JPEG1 FIELD_GIF1 FIELD_PDF1 SKY2 SOURCES2 FIELD_PS2 FIELD_JPEG2 FIELD_GIF2 FIELD_PDF2 SKY3 SOURCES3 FIELD_PS3 FIELD_JPEG3 FIELD_GIF3 FIELD_PDF3,358.2246,-39.1022
59,1047531,2021-05-09,14:32:20,350.352,6.675,3.0,350.3743,6.6713,4.4,,,FITS JPEG GIF PDF PS,,,,,,,,,,,,350.352,6.675
60,1046414,2021-05-02,17:39:33,270.742,-29.818,3.0,270.759,-29.8302,5.9,,,FITS JPEG GIF PDF PS FITS JPEG GIF PDF PS,FITS JPEG GIF PDF PS,FITS JPEG GIF PDF PS,,FITS JPEG GIF PDF PS,,FITS JPEG GIF PDF PS,FITS JPEG GIF PDF PS,FITS1 JPEG1 GIF1 PDF1 PS1 FITS2 JPEG2 GIF2 PDF2 PS2,SKY1 SOURCES1 CATALOG1 FIELD_PS1 FIELD_JPEG1 FIELD_GIF1 FIELD_PDF1 SKY2 SOURCES2 FIELD_PS2 FIELD_JPEG2 FIELD_GIF2 FIELD_PDF2 SKY3 SOURCES3 CATALOG3 FIELD_PS3 FIELD_JPEG3 FIELD_GIF3 FIELD_PDF3,FITS1 JPEG1 GIF1 PDF1 PS1 FITS2 JPEG2 GIF2 PDF2 PS2,SKY1 SOURCES1 FIELD_PS1 FIELD_JPEG1 FIELD_GIF1 FIELD_PDF1 SKY2 SOURCES2 FIELD_PS2 FIELD_JPEG2 FIELD_GIF2 FIELD_PDF2 SKY3 SOURCES3 FIELD_PS3 FIELD_JPEG3 FIELD_GIF3 FIELD_PDF3,270.742,-29.818
61,1044426,2021-04-21,0:27:30,104.908,4.934,3.0,104.8756,4.9216,3.7,,,FITS JPEG GIF PDF PS,FITS JPEG GIF PDF PS,FITS JPEG GIF PDF PS,,FITS JPEG GIF PDF PS,,FITS JPEG GIF PDF PS,FITS JPEG GIF PDF PS,FITS1 JPEG1 GIF1 PDF1 PS1,SKY1 SOURCES1 CATALOG1 FIELD_PS1 FIELD_JPEG1 FIELD_GIF1 FIELD_PDF1,FITS1 JPEG1 GIF1 PDF1 PS1,SKY1 SOURCES1 FIELD_PS1 FIELD_JPEG1 FIELD_GIF1 FIELD_PDF1,104.908,4.934
62,1044032,2021-04-19,6:53:41,86.862,-65.539,3.0,86.854,-65.5033,3.5,,,FITS JPEG GIF PDF PS FITS JPEG GIF PDF PS,FITS JPEG GIF PDF PS,FITS JPEG GIF PDF PS,,FITS JPEG GIF PDF PS,,FITS JPEG GIF PDF PS,FITS JPEG GIF PDF PS,FITS1 JPEG1 GIF1 PDF1 PS1 FITS2 JPEG2 GIF2 PDF2 PS2,SKY1 SOURCES1 CATALOG1 FIELD_PS1 FIELD_JPEG1 FIELD_GIF1 FIELD_PDF1 SKY2 SOURCES2 CATALOG2 FIELD_PS2 FIELD_JPEG2 FIELD_GIF2 FIELD_PDF2,FITS1 JPEG1 GIF1 PDF1 PS1 FITS2 JPEG2 GIF2 PDF2 PS2,SKY1 SOURCES1 FIELD_PS1 FIELD_JPEG1 FIELD_GIF1 FIELD_PDF1 SKY2 SOURCES2 FIELD_PS2 FIELD_JPEG2 FIELD_GIF2 FIELD_PDF2 SKY3 SOURCES3 FIELD_PS3 FIELD_JPEG3 FIELD_GIF3 FIELD_PDF3,86.862,-65.539
63,1042398,2021-04-11,15:05:51,296.559,-39.373,3.0,296.6116,-39.3971,2.3,296.6117,-39.3977,FITS JPEG GIF PDF PS FITS JPEG GIF PDF PS,FITS JPEG GIF PDF PS,FITS JPEG GIF PDF PS,,FITS JPEG GIF PDF PS,,,,FITS1 JPEG1 GIF1 PDF1 PS1 FITS2 JPEG2 GIF2 PDF2 PS2 FITS3 JPEG3 GIF3 PDF3 PS3,SKY1 SOURCES1 CATALOG1 FIELD_PS1 FIELD_JPEG1 FIELD_GIF1 FIELD_PDF1 SKY2 SOURCES2 CATALOG2 FIELD_PS2 FIELD_JPEG2 FIELD_GIF2 FIELD_PDF2 SKY3 SOURCES3 CATALOG3 FIELD_PS3 FIELD_JPEG3 FIELD_GIF3 FIELD_PDF3,FITS1 JPEG1 GIF1 PDF1 PS1 FITS2 JPEG2 GIF2 PDF2 PS2,SKY1 SOURCES1 FIELD_PS1 FIELD_JPEG1 FIELD_GIF1 FIELD_PDF1 SKY2 SOURCES2 FIELD_PS2 FIELD_JPEG2 FIELD_GIF2 FIELD_PDF2,296.6116,-39.3971
64,1042032,2021-04-09,13:54:05,244.954,-15.573,3.0,,,,,,FITS JPEG GIF PDF PS,,,,,,,,,SKY1 SOURCES1 CATALOG1 FIELD_PS1 FIELD_JPEG1 FIELD_GIF1 FIELD_PDF1,,SKY1 SOURCES1 FIELD_PS1 FIELD_JPEG1 FIELD_GIF1 FIELD_PDF1,244.954,-15.573
65,1040345,2021-04-03,8:27:14,2.767,-32.999,3.0,,,,,,FITS JPEG GIF PDF PS FITS JPEG GIF PDF PS,,,,,,,,,,,,2.767,-32.999
66,1040123,2021-04-02,,,,,198.2584,44.5125,4.7,,,FITS JPEG GIF PDF PS FITS JPEG GIF PDF PS,FITS JPEG GIF PDF PS,FITS JPEG GIF PDF PS,,FITS JPEG GIF PDF PS,,FITS JPEG GIF PDF PS,,FITS1 JPEG1 GIF1 PDF1 PS1 FITS2 JPEG2 GIF2 PDF2 PS2 FITS3 JPEG3 GIF3 PDF3 PS3,,FITS1 JPEG1 GIF1 PDF1 PS1 FITS2 JPEG2 GIF2 PDF2 PS2 FITS3 JPEG3 GIF3 PDF3 PS3,,198.2584,44.5125
67,1038247,2021-03-23,22:02:18,317.952,25.378,3.0,317.9458,25.3699,3.5,,,FITS JPEG GIF PDF PS FITS JPEG GIF PDF PS,FITS JPEG GIF PDF PS,FITS JPEG GIF PDF PS,,FITS JPEG GIF PDF PS,,,,FITS1 JPEG1 GIF1 PDF1 PS1 FITS2 JPEG2 GIF2 PDF2 PS2 FITS3 JPEG3 GIF3 PDF3 PS3,SKY1 SOURCES1 CATALOG1 FIELD_PS1 FIELD_JPEG1 FIELD_GIF1 FIELD_PDF1 SKY2 SOURCES2 CATALOG2 FIELD_PS2 FIELD_JPEG2 FIELD_GIF2 FIELD_PDF2 SKY3 SOURCES3 CATALOG3 FIELD_PS3 FIELD_JPEG3 FIELD_GIF3 FIELD_PDF3,FITS1 JPEG1 GIF1 PDF1 PS1 FITS2 JPEG2 GIF2 PDF2 PS2 FITS3 JPEG3 GIF3 PDF3 PS3,SKY1 SOURCES1 FIELD_PS1 FIELD_JPEG1 FIELD_GIF1 FIELD_PDF1 SKY2 SOURCES2 FIELD_PS2 FIELD_JPEG2 FIELD_GIF2 FIELD_PDF2 SKY3 SOURCES3 FIELD_PS3 FIELD_JPEG3 FIELD_GIF3 FIELD_PDF3,317.952,25.378
68,1037828,2021-03-21,7:13:51,87.874,70.119,3.0,87.896,70.1306,3.6,87.8947,70.1305,FITS JPEG GIF PDF PS FITS JPEG GIF PDF PS,FITS JPEG GIF PDF PS,FITS JPEG GIF PDF PS,,FITS JPEG GIF PDF PS,,,,FITS1 JPEG1 GIF1 PDF1 PS1,SKY1 SOURCES1 CATALOG1 FIELD_PS1 FIELD_JPEG1 FIELD_GIF1 FIELD_PDF1,FITS1 JPEG1 GIF1 PDF1 PS1,SKY1 SOURCES1 FIELD_PS1 FIELD_JPEG1 FIELD_GIF1 FIELD_PDF1,87.874,70.119
69,1037339,2021-03-18,3:54:32,33.93,-37.789,3.0,33.9262,-37.7772,3.2,,,FITS JPEG GIF PDF PS FITS JPEG GIF PDF PS,FITS JPEG GIF PDF PS,FITS JPEG GIF PDF PS,,FITS JPEG GIF PDF PS,,,,FITS1 JPEG1 GIF1 PDF1 PS1 FITS2 JPEG2 GIF2 PDF2 PS2 FITS3 JPEG3 GIF3 PDF3 PS3,SKY1 SOURCES1 CATALOG1 FIELD_PS1 FIELD_JPEG1 FIELD_GIF1 FIELD_PDF1 SKY2 SOURCES2 CATALOG2 FIELD_PS2 FIELD_JPEG2 FIELD_GIF2 FIELD_PDF2 SKY3 SOURCES3 CATALOG3 FIELD_PS3 FIELD_JPEG3 FIELD_GIF3 FIELD_PDF3,FITS1 JPEG1 GIF1 PDF1 PS1 FITS2 JPEG2 GIF2 PDF2 PS2 FITS3 JPEG3 GIF3 PDF3 PS3,SKY1 SOURCES1 FIELD_PS1 FIELD_JPEG1 FIELD_GIF1 FIELD_PDF1 SKY2 SOURCES2 FIELD_PS2 FIELD_JPEG2 FIELD_GIF2 FIELD_PDF2 SKY3 SOURCES3 FIELD_PS3 FIELD_JPEG3 FIELD_GIF3 FIELD_PDF3,33.93,-37.789
70,1036990,2021-03-15,5:21:49,299.74,35.403,3.0,299.6988,35.3895,5.0,,,FITS JPEG GIF PDF PS FITS JPEG GIF PDF PS,FITS JPEG GIF PDF PS,FITS JPEG GIF PDF PS,,FITS JPEG GIF PDF PS,,FITS JPEG GIF PDF PS,FITS JPEG GIF PDF PS,FITS1 JPEG1 GIF1 PDF1 PS1 FITS2 JPEG2 GIF2 PDF2 PS2,SKY1 SOURCES1 FIELD_PS1 FIELD_JPEG1 FIELD_GIF1 FIELD_PDF1 SKY2 SOURCES2 FIELD_PS2 FIELD_JPEG2 FIELD_GIF2 FIELD_PDF2,FITS1 JPEG1 GIF1 PDF1 PS1 FITS2 JPEG2 GIF2 PDF2 PS2,SKY1 SOURCES1 FIELD_PS1 FIELD_JPEG1 FIELD_GIF1 FIELD_PDF1 SKY2 SOURCES2 FIELD_PS2 FIELD_JPEG2 FIELD_GIF2 FIELD_PDF2,299.74,35.403
71,1036227,2021-03-08,6:37:57,67.088,37.411,3.0,67.0767,37.4346,6.3,67.0738,37.4338,FITS JPEG GIF PDF PS FITS JPEG GIF PDF PS,FITS JPEG GIF PDF PS,FITS JPEG GIF PDF PS,,FITS JPEG GIF PDF PS,,FITS JPEG GIF PDF PS,FITS JPEG GIF PDF PS,FITS1 JPEG1 GIF1 PDF1 PS1 FITS2 JPEG2 GIF2 PDF2 PS2 FITS3 JPEG3 GIF3 PDF3 PS3,SKY1 SOURCES1 CATALOG1 FIELD_PS1 FIELD_JPEG1 FIELD_GIF1 FIELD_PDF1 SKY2 SOURCES2 FIELD_PS2 FIELD_JPEG2 FIELD_GIF2 FIELD_PDF2 SKY3 SOURCES3 CATALOG3 FIELD_PS3 FIELD_JPEG3 FIELD_GIF3 FIELD_PDF3,FITS1 JPEG1 GIF1 PDF1 PS1 FITS2 JPEG2 GIF2 PDF2 PS2 FITS3 JPEG3 GIF3 PDF3 PS3,SKY1 SOURCES1 FIELD_PS1 FIELD_JPEG1 FIELD_GIF1 FIELD_PDF1 SKY2 SOURCES2 FIELD_PS2 FIELD_JPEG2 FIELD_GIF2 FIELD_PDF2 SKY3 SOURCES3 FIELD_PS3 FIELD_JPEG3 FIELD_GIF3 FIELD_PDF3,67.088,37.411
72,1036139,2021-03-07,8:42:38,119.19,-66.963,3.0,119.2432,-66.9692,5.0,,,FITS JPEG GIF PDF PS FITS JPEG GIF PDF PS,FITS JPEG GIF PDF PS,FITS JPEG GIF PDF PS,,FITS JPEG GIF PDF PS,,FITS JPEG GIF PDF PS,FITS JPEG GIF PDF PS,FITS1 JPEG1 GIF1 PDF1 PS1 FITS2 JPEG2 GIF2 PDF2 PS2,SKY1 SOURCES1 CATALOG1 FIELD_PS1 FIELD_JPEG1 FIELD_GIF1 FIELD_PDF1 SKY2 SOURCES2 CATALOG2 FIELD_PS2 FIELD_JPEG2 FIELD_GIF2 FIELD_PDF2,FITS1 JPEG1 GIF1 PDF1 PS1 FITS2 JPEG2 GIF2 PDF2 PS2,SKY1 SOURCES1 FIELD_PS1 FIELD_JPEG1 FIELD_GIF1 FIELD_PDF1 SKY2 SOURCES2 FIELD_PS2 FIELD_JPEG2 FIELD_GIF2 FIELD_PDF2,119.19,-66.963
73,1036024,2021-03-06,9:32:14,331.848,10.175,3.0,,,,,,FITS JPEG GIF PDF PS,,,,,,,,,,,,331.848,10.175
74,1035994,2021-03-06,3:53:57,129.965,60.196,3.0,129.9643,60.2032,5.5,129.9581,60.2053,FITS JPEG GIF PDF PS FITS JPEG GIF PDF PS,FITS JPEG GIF PDF PS,FITS JPEG GIF PDF PS,,FITS JPEG GIF PDF PS,,FITS JPEG GIF PDF PS,FITS JPEG GIF PDF PS,FITS1 JPEG1 GIF1 PDF1 PS1 FITS2 JPEG2 GIF2 PDF2 PS2,SKY1 SOURCES1 CATALOG1 FIELD_PS1 FIELD_JPEG1 FIELD_GIF1 FIELD_PDF1 SKY2 SOURCES2 CATALOG2 FIELD_PS2 FIELD_JPEG2 FIELD_GIF2 FIELD_PDF2,FITS1 JPEG1 GIF1 PDF1 PS1 FITS2 JPEG2 GIF2 PDF2 PS2,SKY1 SOURCES1 FIELD_PS1 FIELD_JPEG1 FIELD_GIF1 FIELD_PDF1 SKY2 SOURCES2 FIELD_PS2 FIELD_JPEG2 FIELD_GIF2 FIELD_PDF2,129.965,60.196
75,1035922,2021-03-05,19:03:04,319.814,34.557,3.0,319.8085,34.5544,5.0,,,FITS JPEG GIF PDF PS FITS JPEG GIF PDF PS,FITS JPEG GIF PDF PS,FITS JPEG GIF PDF PS,,FITS JPEG GIF PDF PS,,FITS JPEG GIF PDF PS,FITS JPEG GIF PDF PS,FITS1 JPEG1 GIF1 PDF1 PS1 FITS2 JPEG2 GIF2 PDF2 PS2,SKY1 SOURCES1 CATALOG1 FIELD_PS1 FIELD_JPEG1 FIELD_GIF1 FIELD_PDF1 SKY2 SOURCES2 CATALOG2 FIELD_PS2 FIELD_JPEG2 FIELD_GIF2 FIELD_PDF2,FITS1 JPEG1 GIF1 PDF1 PS1 FITS2 JPEG2 GIF2 PDF2 PS2 FITS3 JPEG3 GIF3 PDF3 PS3,SKY1 SOURCES1 FIELD_PS1 FIELD_JPEG1 FIELD_GIF1 FIELD_PDF1 SKY2 SOURCES2 FIELD_PS2 FIELD_JPEG2 FIELD_GIF2 FIELD_PDF2 SKY3 SOURCES3 FIELD_PS3 FIELD_JPEG3 FIELD_GIF3 FIELD_PDF3,319.814,34.557
76,1035744,2021-03-05,1:09:41,244.831,-15.786,3.0,,,,,,FITS JPEG GIF PDF PS FITS JPEG GIF PDF PS,,,,,,,,,,,,244.831,-15.786
77,1034721,2021-02-26,4:43:57,124.138,57.577,3.0,124.1144,57.5838,2.1,,,FITS JPEG GIF PDF PS FITS JPEG GIF PDF PS,FITS JPEG GIF PDF PS,FITS JPEG GIF PDF PS,,FITS JPEG GIF PDF PS,,,,FITS1 JPEG1 GIF1 PDF1 PS1 FITS2 JPEG2 GIF2 PDF2 PS2,SKY1 SOURCES1 CATALOG1 FIELD_PS1 FIELD_JPEG1 FIELD_GIF1 FIELD_PDF1 SKY2 SOURCES2 CATALOG2 FIELD_PS2 FIELD_JPEG2 FIELD_GIF2 FIELD_PDF2,FITS1 JPEG1 GIF1 PDF1 PS1 FITS2 JPEG2 GIF2 PDF2 PS2,SKY1 SOURCES1 FIELD_PS1 FIELD_JPEG1 FIELD_GIF1 FIELD_PDF1 SKY2 SOURCES2 FIELD_PS2 FIELD_JPEG2 FIELD_GIF2 FIELD_PDF2,124.1144,57.5838
78,1034325,2021-02-22,22:37:26,154.621,-14.898,3.0,154.6062,-14.9315,2.1,154.606,-14.9321,FITS JPEG GIF PDF PS FITS JPEG GIF PDF PS,FITS JPEG GIF PDF PS,FITS JPEG GIF PDF PS,,FITS JPEG GIF PDF PS,,,,FITS1 JPEG1 GIF1 PDF1 PS1 FITS2 JPEG2 GIF2 PDF2 PS2 FITS3 JPEG3 GIF3 PDF3 PS3,SKY1 SOURCES1 CATALOG1 FIELD_PS1 FIELD_JPEG1 FIELD_GIF1 FIELD_PDF1 SKY2 SOURCES2 CATALOG2 FIELD_PS2 FIELD_JPEG2 FIELD_GIF2 FIELD_PDF2 SKY3 SOURCES3 CATALOG3 FIELD_PS3 FIELD_JPEG3 FIELD_GIF3 FIELD_PDF3,FITS1 JPEG1 GIF1 PDF1 PS1 FITS2 JPEG2 GIF2 PDF2 PS2 FITS3 JPEG3 GIF3 PDF3 PS3,SKY1 SOURCES1 FIELD_PS1 FIELD_JPEG1 FIELD_GIF1 FIELD_PDF1 SKY2 SOURCES2 FIELD_PS2 FIELD_JPEG2 FIELD_GIF2 FIELD_PDF2 SKY3 SOURCES3 FIELD_PS3 FIELD_JPEG3 FIELD_GIF3 FIELD_PDF3,154.6062,-14.9315
79,1033716,2021-02-20,21:37:57,245.176,-15.72,3.0,244.9798,-15.6389,4.7,,,FITS JPEG GIF PDF PS FITS JPEG GIF PDF PS,FITS JPEG GIF PDF PS,FITS JPEG GIF PDF PS,,FITS JPEG GIF PDF PS,,FITS JPEG GIF PDF PS,FITS JPEG GIF PDF PS,,,,,245.176,-15.72
80,1033328,2021-02-18,13:35:20,47.291,35.287,3.0,,,,,,FITS JPEG GIF PDF PS FITS JPEG GIF PDF PS,,,,,,,,,,,,47.291,35.287
81,1033264,2021-02-17,23:25:42,97.61,68.715,3.0,97.5833,68.725,2.2,97.583,68.7251,FITS JPEG GIF PDF PS FITS JPEG GIF PDF PS,FITS JPEG GIF PDF PS,FITS JPEG GIF PDF PS,,FITS JPEG GIF PDF PS,,,,FITS1 JPEG1 GIF1 PDF1 PS1 FITS2 JPEG2 GIF2 PDF2 PS2,SKY1 SOURCES1 CATALOG1 FIELD_PS1 FIELD_JPEG1 FIELD_GIF1 FIELD_PDF1 SKY2 SOURCES2 CATALOG2 FIELD_PS2 FIELD_JPEG2 FIELD_GIF2 FIELD_PDF2,FITS1 JPEG1 GIF1 PDF1 PS1 FITS2 JPEG2 GIF2 PDF2 PS2,SKY1 SOURCES1 FIELD_PS1 FIELD_JPEG1 FIELD_GIF1 FIELD_PDF1 SKY2 SOURCES2 FIELD_PS2 FIELD_JPEG2 FIELD_GIF2 FIELD_PDF2,97.5833,68.725
82,1033144,2021-02-17,8:11:21,277.646,-6.735,3.0,,,,,,FITS JPEG GIF PDF PS FITS JPEG GIF PDF PS,FITS JPEG GIF PDF PS,FITS JPEG GIF PDF PS,,FITS JPEG GIF PDF PS,,,,FITS1 JPEG1 GIF1 PDF1 PS1 FITS2 JPEG2 GIF2 PDF2 PS2,SKY1 SOURCES1 CATALOG1 FIELD_PS1 FIELD_JPEG1 FIELD_GIF1 FIELD_PDF1 SKY2 SOURCES2 FIELD_PS2 FIELD_JPEG2 FIELD_GIF2 FIELD_PDF2,FITS1 JPEG1 GIF1 PDF1 PS1 FITS2 JPEG2 GIF2 PDF2 PS2,SKY1 SOURCES1 FIELD_PS1 FIELD_JPEG1 FIELD_GIF1 FIELD_PDF1 SKY2 SOURCES2 FIELD_PS2 FIELD_JPEG2 FIELD_GIF2 FIELD_PDF2,277.646,-6.735
83,1032350,2021-02-13,0:10:14,277.66,-6.748,3.0,,,,,,FITS JPEG GIF PDF PS FITS JPEG GIF PDF PS,FITS JPEG GIF PDF PS,FITS JPEG GIF PDF PS,,FITS JPEG GIF PDF PS,,,,FITS1 JPEG1 GIF1 PDF1 PS1 FITS2 JPEG2 GIF2 PDF2 PS2 FITS3 JPEG3 GIF3 PDF3 PS3,SKY1 SOURCES1 CATALOG1 FIELD_PS1 FIELD_JPEG1 FIELD_GIF1 FIELD_PDF1 SKY2 SOURCES2 CATALOG2 FIELD_PS2 FIELD_JPEG2 FIELD_GIF2 FIELD_PDF2 SKY3 SOURCES3 CATALOG3 FIELD_PS3 FIELD_JPEG3 FIELD_GIF3 FIELD_PDF3,FITS1 JPEG1 GIF1 PDF1 PS1 FITS2 JPEG2 GIF2 PDF2 PS2 FITS3 JPEG3 GIF3 PDF3 PS3,SKY1 SOURCES1 FIELD_PS1 FIELD_JPEG1 FIELD_GIF1 FIELD_PDF1 SKY2 SOURCES2 FIELD_PS2 FIELD_JPEG2 FIELD_GIF2 FIELD_PDF2 SKY3 SOURCES3 FIELD_PS3 FIELD_JPEG3 FIELD_GIF3 FIELD_PDF3,277.66,-6.748
84,1032183,2021-02-12,4:25:18,72.261,7.234,3.0,72.2665,7.2693,3.8,,,FITS JPEG GIF PDF PS FITS JPEG GIF PDF PS,FITS JPEG GIF PDF PS,FITS JPEG GIF PDF PS,,FITS JPEG GIF PDF PS,,FITS JPEG GIF PDF PS,FITS JPEG GIF PDF PS,FITS1 JPEG1 GIF1 PDF1 PS1 FITS2 JPEG2 GIF2 PDF2 PS2 FITS3 JPEG3 GIF3 PDF3 PS3,SKY1 SOURCES1 CATALOG1 FIELD_PS1 FIELD_JPEG1 FIELD_GIF1 FIELD_PDF1 SKY2 SOURCES2 CATALOG2 FIELD_PS2 FIELD_JPEG2 FIELD_GIF2 FIELD_PDF2 SKY3 SOURCES3 CATALOG3 FIELD_PS3 FIELD_JPEG3 FIELD_GIF3 FIELD_PDF3,FITS1 JPEG1 GIF1 PDF1 PS1 FITS2 JPEG2 GIF2 PDF2 PS2 FITS3 JPEG3 GIF3 PDF3 PS3,SKY1 SOURCES1 FIELD_PS1 FIELD_JPEG1 FIELD_GIF1 FIELD_PDF1 SKY2 SOURCES2 FIELD_PS2 FIELD_JPEG2 FIELD_GIF2 FIELD_PDF2 SKY3 SOURCES3 FIELD_PS3 FIELD_JPEG3 FIELD_GIF3 FIELD_PDF3,72.261,7.234
85,1032024,2021-02-11,8:43:18,269.433,-46.299,3.0,269.4374,-46.2659,3.4,,,FITS JPEG GIF PDF PS FITS JPEG GIF PDF PS,FITS JPEG GIF PDF PS,FITS JPEG GIF PDF PS,,FITS JPEG GIF PDF PS,,,,FITS1 JPEG1 GIF1 PDF1 PS1 FITS2 JPEG2 GIF2 PDF2 PS2,SKY1 SOURCES1 CATALOG1 FIELD_PS1 FIELD_JPEG1 FIELD_GIF1 FIELD_PDF1 SKY2 SOURCES2 CATALOG2 FIELD_PS2 FIELD_JPEG2 FIELD_GIF2 FIELD_PDF2,FITS1 JPEG1 GIF1 PDF1 PS1 FITS2 JPEG2 GIF2 PDF2 PS2,SKY1 SOURCES1 FIELD_PS1 FIELD_JPEG1 FIELD_GIF1 FIELD_PDF1 SKY2 SOURCES2 FIELD_PS2 FIELD_JPEG2 FIELD_GIF2 FIELD_PDF2,269.433,-46.299
86,1031728,2021-02-10,2:00:28,262.811,14.648,3.0,262.7705,14.6639,3.5,262.7708,14.6627,FITS JPEG GIF PDF PS FITS JPEG GIF PDF PS,FITS JPEG GIF PDF PS,FITS JPEG GIF PDF PS,,FITS JPEG GIF PDF PS,,,,FITS1 JPEG1 GIF1 PDF1 PS1 FITS2 JPEG2 GIF2 PDF2 PS2 FITS3 JPEG3 GIF3 PDF3 PS3,SKY1 SOURCES1 CATALOG1 FIELD_PS1 FIELD_JPEG1 FIELD_GIF1 FIELD_PDF1 SKY2 SOURCES2 CATALOG2 FIELD_PS2 FIELD_JPEG2 FIELD_GIF2 FIELD_PDF2 SKY3 SOURCES3 CATALOG3 FIELD_PS3 FIELD_JPEG3 FIELD_GIF3 FIELD_PDF3,FITS1 JPEG1 GIF1 PDF1 PS1 FITS2 JPEG2 GIF2 PDF2 PS2 FITS3 JPEG3 GIF3 PDF3 PS3,SKY1 SOURCES1 FIELD_PS1 FIELD_JPEG1 FIELD_GIF1 FIELD_PDF1 SKY2 SOURCES2 FIELD_PS2 FIELD_JPEG2 FIELD_GIF2 FIELD_PDF2 SKY3 SOURCES3 FIELD_PS3 FIELD_JPEG3 FIELD_GIF3 FIELD_PDF3,262.811,14.648
87,1031636,2021-02-09,21:39:45,328.096,43.559,3.0,328.1238,43.557,3.5,,,FITS JPEG GIF PDF PS FITS JPEG GIF PDF PS,FITS JPEG GIF PDF PS,FITS JPEG GIF PDF PS,,FITS JPEG GIF PDF PS,,FITS JPEG GIF PDF PS,FITS JPEG GIF PDF PS,FITS1 JPEG1 GIF1 PDF1 PS1 FITS2 JPEG2 GIF2 PDF2 PS2 FITS3 JPEG3 GIF3 PDF3 PS3,SKY1 SOURCES1 CATALOG1 FIELD_PS1 FIELD_JPEG1 FIELD_GIF1 FIELD_PDF1 SKY2 SOURCES2 CATALOG2 FIELD_PS2 FIELD_JPEG2 FIELD_GIF2 FIELD_PDF2 SKY3 SOURCES3 CATALOG3 FIELD_PS3 FIELD_JPEG3 FIELD_GIF3 FIELD_PDF3,FITS1 JPEG1 GIF1 PDF1 PS1 FITS2 JPEG2 GIF2 PDF2 PS2 FITS3 JPEG3 GIF3 PDF3 PS3,SKY1 SOURCES1 FIELD_PS1 FIELD_JPEG1 FIELD_GIF1 FIELD_PDF1 SKY2 SOURCES2 FIELD_PS2 FIELD_JPEG2 FIELD_GIF2 FIELD_PDF2 SKY3 SOURCES3 FIELD_PS3 FIELD_JPEG3 FIELD_GIF3 FIELD_PDF3,328.096,43.559
88,1031297,2021-02-07,21:52:08,270.582,53.694,3.0,270.6356,53.6836,4.7,270.635,53.6822,FITS JPEG GIF PDF PS FITS JPEG GIF PDF PS,FITS JPEG GIF PDF PS,FITS JPEG GIF PDF PS,,FITS JPEG GIF PDF PS,,FITS JPEG GIF PDF PS,FITS JPEG GIF PDF PS,FITS1 JPEG1 GIF1 PDF1 PS1 FITS2 JPEG2 GIF2 PDF2 PS2,SKY1 SOURCES1 CATALOG1 FIELD_PS1 FIELD_JPEG1 FIELD_GIF1 FIELD_PDF1 SKY2 SOURCES2 CATALOG2 FIELD_PS2 FIELD_JPEG2 FIELD_GIF2 FIELD_PDF2,FITS1 JPEG1 GIF1 PDF1 PS1 FITS2 JPEG2 GIF2 PDF2 PS2,SKY1 SOURCES1 FIELD_PS1 FIELD_JPEG1 FIELD_GIF1 FIELD_PDF1 SKY2 SOURCES2 FIELD_PS2 FIELD_JPEG2 FIELD_GIF2 FIELD_PDF2,270.582,53.694
89,1030629,2021-02-05,11:11:18,347.257,56.312,3.0,347.2214,56.2942,2.6,,,FITS JPEG GIF PDF PS FITS JPEG GIF PDF PS,FITS JPEG GIF PDF PS,FITS JPEG GIF PDF PS,,FITS JPEG GIF PDF PS,,,,FITS1 JPEG1 GIF1 PDF1 PS1 FITS2 JPEG2 GIF2 PDF2 PS2,SKY1 SOURCES1 CATALOG1 FIELD_PS1 FIELD_JPEG1 FIELD_GIF1 FIELD_PDF1 SKY2 SOURCES2 CATALOG2 FIELD_PS2 FIELD_JPEG2 FIELD_GIF2 FIELD_PDF2,FITS1 JPEG1 GIF1 PDF1 PS1 FITS2 JPEG2 GIF2 PDF2 PS2,SKY1 SOURCES1 FIELD_PS1 FIELD_JPEG1 FIELD_GIF1 FIELD_PDF1 SKY2 SOURCES2 FIELD_PS2 FIELD_JPEG2 FIELD_GIF2 FIELD_PDF2,347.2214,56.2942
90,1017711,2021-01-19,2:54:10,282.804,-61.801,3.0,,,,,,FITS JPEG GIF PDF PS FITS JPEG GIF PDF PS,,,,,,,,,,,,282.804,-61.801
91,1016881,2021-01-12,1:37:04,218.999,33.07,3.0,219.0049,33.0548,3.5,219.006,33.0542,FITS JPEG GIF PDF PS FITS JPEG GIF PDF PS,FITS JPEG GIF PDF PS,FITS JPEG GIF PDF PS,,FITS JPEG GIF PDF PS,,FITS JPEG GIF PDF PS,FITS JPEG GIF PDF PS,FITS1 JPEG1 GIF1 PDF1 PS1 FITS2 JPEG2 GIF2 PDF2 PS2 FITS3 JPEG3 GIF3 PDF3 PS3,SKY1 SOURCES1 CATALOG1 FIELD_PS1 FIELD_JPEG1 FIELD_GIF1 FIELD_PDF1 SKY2 SOURCES2 CATALOG2 FIELD_PS2 FIELD_JPEG2 FIELD_GIF2 FIELD_PDF2 SKY3 SOURCES3 CATALOG3 FIELD_PS3 FIELD_JPEG3 FIELD_GIF3 FIELD_PDF3,FITS1 JPEG1 GIF1 PDF1 PS1 FITS2 JPEG2 GIF2 PDF2 PS2 FITS3 JPEG3 GIF3 PDF3 PS3,SKY1 SOURCES1 FIELD_PS1 FIELD_JPEG1 FIELD_GIF1 FIELD_PDF1 SKY2 SOURCES2 FIELD_PS2 FIELD_JPEG2 FIELD_GIF2 FIELD_PDF2 SKY3 SOURCES3 FIELD_PS3 FIELD_JPEG3 FIELD_GIF3 FIELD_PDF3,218.999,33.07
92,1016013,2021-01-05,12:19:58,307.719,41.068,3.0,307.7566,41.0251,5.2,,,FITS JPEG GIF PDF PS FITS JPEG GIF PDF PS,FITS JPEG GIF PDF PS,FITS JPEG GIF PDF PS,,FITS JPEG GIF PDF PS,,FITS JPEG GIF PDF PS,FITS JPEG GIF PDF PS,FITS1 JPEG1 GIF1 PDF1 PS1 FITS2 JPEG2 GIF2 PDF2 PS2,SKY1 SOURCES1 FIELD_PS1 FIELD_JPEG1 FIELD_GIF1 FIELD_PDF1 SKY2 SOURCES2 FIELD_PS2 FIELD_JPEG2 FIELD_GIF2 FIELD_PDF2,FITS1 JPEG1 GIF1 PDF1 PS1 FITS2 JPEG2 GIF2 PDF2 PS2,SKY1 SOURCES1 FIELD_PS1 FIELD_JPEG1 FIELD_GIF1 FIELD_PDF1 SKY2 SOURCES2 FIELD_PS2 FIELD_JPEG2 FIELD_GIF2 FIELD_PDF2,307.719,41.068
93,1016010,2021-01-05,11:55:02,244.978,-15.844,3.0,,,,,,FITS JPEG GIF PDF PS FITS JPEG GIF PDF PS,,,,,,,,,,,,244.978,-15.844
94,1015919,2021-01-04,21:10:11,53.601,37.931,3.0,53.5538,37.9301,2.5,,,FITS JPEG GIF PDF PS FITS JPEG GIF PDF PS,FITS JPEG GIF PDF PS,FITS JPEG GIF PDF PS,,FITS JPEG GIF PDF PS,,,,FITS1 JPEG1 GIF1 PDF1 PS1 FITS2 JPEG2 GIF2 PDF2 PS2,SKY1 SOURCES1 CATALOG1 FIELD_PS1 FIELD_JPEG1 FIELD_GIF1 FIELD_PDF1 SKY2 SOURCES2 CATALOG2 FIELD_PS2 FIELD_JPEG2 FIELD_GIF2 FIELD_PDF2,FITS1 JPEG1 GIF1 PDF1 PS1 FITS2 JPEG2 GIF2 PDF2 PS2,SKY1 SOURCES1 FIELD_PS1 FIELD_JPEG1 FIELD_GIF1 FIELD_PDF1 SKY2 SOURCES2 FIELD_PS2 FIELD_JPEG2 FIELD_GIF2 FIELD_PDF2,53.5538,37.9301
95,1015873,2021-01-04,11:26:59,103.705,64.661,3.0,103.7707,64.6743,5.3,,,FITS JPEG GIF PDF PS FITS JPEG GIF PDF PS,FITS JPEG GIF PDF PS,FITS JPEG GIF PDF PS,,FITS JPEG GIF PDF PS,,FITS JPEG GIF PDF PS,FITS JPEG GIF PDF PS,FITS1 JPEG1 GIF1 PDF1 PS1 FITS2 JPEG2 GIF2 PDF2 PS2 FITS3 JPEG3 GIF3 PDF3 PS3,SKY1 SOURCES1 CATALOG1 FIELD_PS1 FIELD_JPEG1 FIELD_GIF1 FIELD_PDF1 SKY2 SOURCES2 CATALOG2 FIELD_PS2 FIELD_JPEG2 FIELD_GIF2 FIELD_PDF2 SKY3 SOURCES3 CATALOG3 FIELD_PS3 FIELD_JPEG3 FIELD_GIF3 FIELD_PDF3,FITS1 JPEG1 GIF1 PDF1 PS1 FITS2 JPEG2 GIF2 PDF2 PS2 FITS3 JPEG3 GIF3 PDF3 PS3,SKY1 SOURCES1 FIELD_PS1 FIELD_JPEG1 FIELD_GIF1 FIELD_PDF1 SKY2 SOURCES2 FIELD_PS2 FIELD_JPEG2 FIELD_GIF2 FIELD_PDF2 SKY3 SOURCES3 FIELD_PS3 FIELD_JPEG3 FIELD_GIF3 FIELD_PDF3,103.705,64.661
96,1015728,2021-01-02,20:38:11,235.737,-37.222,3.0,,,,,,FITS JPEG GIF PDF PS FITS JPEG GIF PDF PS,,,,,,,,,,,,235.737,-37.222
97,1015615,2021-01-02,0:17:13,234.703,-84.189,3.0,234.9978,-84.4012,5.0,,,FITS JPEG GIF PDF PS FITS JPEG GIF PDF PS,FITS JPEG GIF PDF PS,FITS JPEG GIF PDF PS,,FITS JPEG GIF PDF PS,,FITS JPEG GIF PDF PS,FITS JPEG GIF PDF PS,FITS1 JPEG1 GIF1 PDF1 PS1,SKY1 SOURCES1 CATALOG1 FIELD_PS1 FIELD_JPEG1 FIELD_GIF1 FIELD_PDF1,FITS1 JPEG1 GIF1 PDF1 PS1,SKY1 SOURCES1 FIELD_PS1 FIELD_JPEG1 FIELD_GIF1 FIELD_PDF1,234.703,-84.189
